{
  "name": "root",
  "gauges": [
    {
      "name": "ExAgentBrain.mean_reward",
      "value": 3.4135861054659813,
      "min": -2.2996340460327622,
      "max": 4.120124682624197,
      "count": 37
    }
  ],
  "total": 22443.9789236,
  "count": 1,
  "self": 25.674148900248838,
  "children": [
    {
      "name": "TrainerController.advance",
      "total": 22418.30477469975,
      "count": 74334,
      "self": 1512.5060473999874,
      "children": [
        {
          "name": "env_step",
          "total": 5823.093646199791,
          "count": 74334,
          "self": 5235.7093172995665,
          "children": [
            {
              "name": "SubprocessEnvManager._take_step",
              "total": 586.1613001003564,
              "count": 74334,
              "self": 2.186261800439752,
              "children": [
                {
                  "name": "PPOPolicy.evaluate",
                  "total": 583.9750382999166,
                  "count": 74334,
                  "self": 583.9750382999166
                }
              ]
            },
            {
              "name": "workers",
              "total": 1.2230287998674516,
              "count": 74334,
              "self": 0.0,
              "children": [
                {
                  "name": "worker_root",
                  "total": 22386.639392799945,
                  "count": 74334,
                  "is_parallel": true,
                  "self": 18376.714236599957,
                  "children": [
                    {
                      "name": "BrainInfo.process_pixels",
                      "total": 0.11844789999828631,
                      "count": 175,
                      "is_parallel": true,
                      "self": 0.01802369998786002,
                      "children": [
                        {
                          "name": "image_decompress",
                          "total": 0.10042420001042629,
                          "count": 175,
                          "is_parallel": true,
                          "self": 0.10042420001042629
                        }
                      ]
                    },
                    {
                      "name": "UnityEnvironment.step",
                      "total": 4009.8067082999905,
                      "count": 74334,
                      "is_parallel": true,
                      "self": 86.02959999956465,
                      "children": [
                        {
                          "name": "UnityEnvironment._generate_step_input",
                          "total": 18.056518300266426,
                          "count": 74334,
                          "is_parallel": true,
                          "self": 18.056518300266426
                        },
                        {
                          "name": "communicator.exchange",
                          "total": 3355.5779286002817,
                          "count": 74334,
                          "is_parallel": true,
                          "self": 3355.5779286002817
                        },
                        {
                          "name": "BrainInfo.process_pixels",
                          "total": 550.1426613998779,
                          "count": 1858350,
                          "is_parallel": true,
                          "self": 155.98494520051253,
                          "children": [
                            {
                              "name": "image_decompress",
                              "total": 394.1577161993653,
                              "count": 1858350,
                              "is_parallel": true,
                              "self": 394.1577161993653
                            }
                          ]
                        }
                      ]
                    }
                  ]
                }
              ]
            }
          ]
        },
        {
          "name": "update_policy",
          "total": 15082.705081099974,
          "count": 439,
          "self": 287.9937889999237,
          "children": [
            {
              "name": "PPOPolicy.update",
              "total": 14794.71129210005,
              "count": 21069,
              "self": 14794.71129210005
            }
          ]
        }
      ]
    }
  ]
}