{"cameraMode":{"drawMode":0,"name":"Shaded","section":"Shading Mode"},"sceneLighting":true,"audioPlay":false,"sceneViewState":{"showFog":true,"showMaterialUpdate":false,"showSkybox":true,"showFlares":true,"showImageEffects":true,"showParticleSystems":true},"in2DMode":false,"pivot":{"x":-4.490939140319824,"y":17.353113174438478,"z":-24.439096450805665},"rotation":{"x":0.3740684688091278,"y":-0.008351926691830159,"z":0.0033592553809285166,"w":0.927386999130249},"size":22.0,"orthographic":false}