{"cameraMode":{"drawMode":0,"name":"Shaded","section":"Shading Mode"},"sceneLighting":false,"audioPlay":false,"sceneViewState":{"showFog":true,"showMaterialUpdate":false,"showSkybox":false,"showFlares":true,"showImageEffects":true,"showParticleSystems":true},"in2DMode":false,"pivot":{"x":0.4175465404987335,"y":-2.8905515670776369,"z":-2.0011281967163088},"rotation":{"x":-0.5698339939117432,"y":-0.006635075900703669,"z":0.0046270727179944519,"w":-0.8217531442642212},"size":13.348221778869629,"orthographic":false}