{"cameraMode":{"drawMode":0,"name":"Shaded","section":"Shading Mode"},"sceneLighting":false,"audioPlay":false,"sceneViewState":{"showFog":true,"showMaterialUpdate":false,"showSkybox":false,"showFlares":true,"showImageEffects":true,"showParticleSystems":true},"in2DMode":false,"pivot":{"x":-0.08543825149536133,"y":1.6138381958007813,"z":-0.23781490325927735},"rotation":{"x":0.030854985117912294,"y":0.9018343687057495,"z":-0.42601025104522707,"w":0.06531739979982376},"size":26.265411376953126,"orthographic":false}