{"cameraMode":{"drawMode":0,"name":"Shaded","section":"Shading Mode"},"sceneLighting":true,"audioPlay":false,"sceneViewState":{"showFog":true,"showMaterialUpdate":false,"showSkybox":true,"showFlares":true,"showImageEffects":true,"showParticleSystems":true},"in2DMode":false,"pivot":{"x":0.5925210118293762,"y":-1.385232925415039,"z":-0.9467287063598633},"rotation":{"x":0.0001315628906013444,"y":0.899660050868988,"z":-0.43659523129463198,"w":0.0002708389365579933},"size":18.485107421875,"orthographic":false}