{"cameraMode":{"drawMode":0,"name":"Shaded","section":"Shading Mode"},"sceneLighting":true,"audioPlay":false,"sceneViewState":{"showFog":true,"showMaterialUpdate":false,"showSkybox":true,"showFlares":true,"showImageEffects":true,"showParticleSystems":true},"in2DMode":false,"pivot":{"x":-15.945388793945313,"y":-6.031888961791992,"z":-12.25460433959961},"rotation":{"x":0.22599193453788758,"y":-0.5091671347618103,"z":0.14058636128902436,"w":0.8184852004051209},"size":53.581947326660159,"orthographic":false}