{"cameraMode":{"drawMode":0,"name":"Shaded","section":"Shading Mode"},"sceneLighting":true,"audioPlay":false,"sceneViewState":{"showFog":true,"showMaterialUpdate":false,"showSkybox":true,"showFlares":true,"showImageEffects":true,"showParticleSystems":true},"in2DMode":false,"pivot":{"x":1.0831124782562256,"y":0.9188423156738281,"z":-11.405145645141602},"rotation":{"x":0.4460163414478302,"y":-0.0043194168247282509,"z":0.002135894261300564,"w":0.8950258493423462},"size":31.913639068603517,"orthographic":false}