{"cameraMode":{"drawMode":0,"name":"Shaded","section":"Shading Mode"},"sceneLighting":true,"audioPlay":false,"sceneViewState":{"showFog":true,"showMaterialUpdate":false,"showSkybox":true,"showFlares":true,"showImageEffects":true,"showParticleSystems":true},"in2DMode":false,"pivot":{"x":3.4677979946136476,"y":-4.539504051208496,"z":-1.8909759521484376},"rotation":{"x":0.019493205472826959,"y":0.9279974102973938,"z":-0.3688366711139679,"w":0.04904484376311302},"size":22.08181381225586,"orthographic":false}