{"cameraMode":{"drawMode":0,"name":"Shaded","section":"Shading Mode"},"sceneLighting":true,"audioPlay":false,"sceneViewState":{"showFog":true,"showMaterialUpdate":false,"showSkybox":true,"showFlares":true,"showImageEffects":true,"showParticleSystems":true},"in2DMode":false,"pivot":{"x":-0.9366981387138367,"y":-2.6167616844177248,"z":18.326229095458986},"rotation":{"x":0.35957470536231997,"y":-0.0014040253590792418,"z":0.0005406803102232516,"w":0.933121919631958},"size":22.08181381225586,"orthographic":false}