{"cameraMode":{"drawMode":0,"name":"Shaded","section":"Shading Mode"},"sceneLighting":true,"audioPlay":false,"sceneViewState":{"showFog":true,"showMaterialUpdate":false,"showSkybox":true,"showFlares":true,"showImageEffects":true,"showParticleSystems":true},"in2DMode":false,"pivot":{"x":-1.8680346012115479,"y":3.811796188354492,"z":-7.596966743469238},"rotation":{"x":0.4460163414478302,"y":-0.0043194168247282509,"z":0.002135894261300564,"w":0.8950258493423462},"size":20.27965545654297,"orthographic":false}